create table employees (
	id serial primary key,
	employee_name varchar (50) not null
)

insert into employees (employee_name)
values ('Marina'),
	   ('Anatoly'),
	   ('Alexandr'),
	   ('Ksenia'),
	   ('Ivan'),
	   ('Maria'),
	   ('Milana'),
	   ('Nina'),
	   ('Elena'),
	   ('Maxim'),
	   ('Miron'),
	   ('Matvey'),
	   ('Irina'),
	   ('Artur'),
	   ('Safina'),
	   ('Bogdan'),
	   ('Ekaterina'),
	   ('Anton'),
	   ('Alisa'),
	   ('Gleb'),
	   ('Evgeniya'),
	   ('Max'),
	   ('Antonina'),
	   ('Lena'),
	   ('Irina'),
	   ('Ira'),
	   ('Tonya'),
	   ('Alex'),
	   ('Tolik'),
	   ('Katya'),
	   ('Zhenya'),
	   ('Sasha'),
	   ('Nastya'),
	   ('Galina'),
	   ('Svetlana'),
	   ('Sveta'),
	   ('Stas'),
	   ('Yulia'),
	   ('Yulya'),
	   ('Kristina'),
	   ('Alexandra'),
	   ('Vera'),
	   ('Veronika'),
	   ('Anna'),
	   ('Anya'),
	   ('Lyuba'),
	   ('Kat'),
	   ('Angelina'),
	   ('Mir'),
	   ('Dana'),
	   ('Inna'),
	   ('Igor'),
	   ('Egor'),
	   ('Pavel'),
	   ('Alexey'),
	   ('Ignat'),
	   ('Barni'),
	   ('Slava'),
	   ('Dina'),
	   ('Dima'),
	   ('Dmitriy'),
	   ('Darya'),
	   ('Dasha'),
	   ('Mikoel'),
	   ('Glen'),
	   ('Elen'),
	   ('Lenochka'),
	   ('Ninel'),
	   ('Misha'),
	   ('Mikle');
	  
create table salary (
	id serial primary key,
	monthly_salary int not null
)
 	  
insert into salary (monthly_salary)
values (1000),
	   (1100),
	   (1200),
	   (1300),
	   (1400),
	   (1500),
	   (1600),
	   (1700),
	   (1800),
	   (1900),
	   (2000),
	   (2100),
	   (2200),
       (2300),
	   (2400),
	   (2500);

create table employee_salary (
	id serial primary key,
	employee_id int not null unique,
	salary_id int not null
)
	  
insert into employee_salary (employee_id, salary_id)
values (71, 1),
	   (72, 2),
	   (73, 3),
	   (74, 4),
	   (75, 5),
	   (76, 6),
	   (77, 7),
	   (78, 8),
	   (79, 9),
	   (80, 11),
	   (10, 12),
	   (9, 13),
	   (8, 14),
	   (7, 15),
	   (6, 16),
	   (5, 7),
	   (4, 8),
	   (3, 9),
	   (2, 10),
	   (1, 11),
	   (15, 12),
	   (19, 2),
	   (20, 2),
	   (11, 5),
	   (14, 16),
	   (12, 7),
	   (13, 8),
	   (16, 9),
	   (18, 3),
	   (17, 11),
	   (33, 12),
	   (36, 3),
	   (32, 4),
	   (31, 15),
	   (35, 16),
	   (34, 3),
	   (39, 8),
	   (37, 9),
	   (38, 10),
	   (40, 11);
	  
create table roles (
	id serial primary key,
	role_name int not null unique
)	  
	  
alter table roles 
alter COLUMN role_name type varchar (30);

insert into roles (role_name)
values ('Junior_Python_Developer'),
	   ('Middle_Python_Developer'),
	   ('Senior_Python_Developer'),
	   ('Junior_Java_Developer'),
	   ('Middle_Java_Developer'),
	   ('Senior_Java_Developer'),
	   ('Junior_JavaScript_Developer'),
	   ('Middle_JavaScript_Developer'),
	   ('Senior_JavaScript_Developer'),
	   ('Junior_Manual_QA_Engineer'),
	   ('Middle_Manual_QA_Engineer'),
	   ('Senior_Manual_QA_Engineer'),
	   ('Project_Manager'),
	   ('Designer'),
	   ('HR'),
	   ('CEO'),
	   ('Sales_Manager'),
	   ('Junior_Automation_QA_Engineer'),
	   ('Middle_Automation_QA_Engineer'),
	   ('Senior_Automation_QA_Engineer');

create table roles_employee (
	id serial primary key,
	employee_id int not null unique,
	role_id int not null,
	foreign key (employee_id) references employees (id),
	foreign key (role_id) references roles (id)
)
	  
insert into roles_employee (employee_id, role_id)
values (1, 20),
	   (2, 19),
	   (3, 18),
	   (4, 17),
	   (5, 16),
	   (6, 15),
	   (7, 14),
	   (8, 13),
	   (9, 12),
	   (10, 11),
	   (11, 10),
	   (12, 19),
	   (13, 18),
	   (14, 2),
	   (15, 6),
	   (16, 5),
	   (17, 4),
	   (18, 13),
	   (19, 12),
	   (20, 11),
	   (21, 10),
	   (22, 19),
	   (23, 18),
	   (24, 17),
	   (25, 16),
	   (26, 15),
	   (27, 14),
	   (28, 13),
	   (29, 12),
	   (30, 11),
	   (31, 10),
	   (32, 9),
	   (33, 8),
	   (34, 7),
	   (35, 6),
	   (36, 5),
	   (37, 4),
	   (38, 3),
	   (39, 2),
	   (40, 1);

